,,,,,,,,,,,,,,,,,,,,,,,,,
annual population survey,,,,,,,,,,,,,,,,,,,,,,,,,
ONS Crown Copyright Reserved [from Nomis on 2 April 2019],,,,,,,,,,,,,,,,,,,,,,,,,
Analysis   :,variable,,,,,,,,,,,,,,,,,,,,,,,,
Confidence :,95% confidence interval of percent figure (+/-),,,,,,,,,,,,,,,,,,,,,,,,
Date       :,Jul 2015-Jun 2016,,,,,,,,,,,,,,,,,,,,,,,,
,,,,,,,,,,,,,,,,,,,,,,,,,
local authority: district / unitary (prior to April 2015),mnemonic,Numerator,Denominator,% who gave national identity as British,Conf,Numerator,Denominator,% who gave national identity as English,Conf,Numerator,Denominator,% who gave national identity as Irish,Conf,Numerator,Denominator,% who gave national identity as Other,Conf,Numerator,Denominator,% who gave national identity as Scottish,Conf,Numerator,Denominator,% who gave national identity as Welsh,Conf
,,,,,,,,,,,,,,,,,,,,,,,,,
Darlington,E06000005,57900,103900,55.7,2.3,63000,103900,60.6,2.3,!,103900,!,!,5500,103900,5.3,1.1,1600,103900,1.6,0.6,500,103900,0.5,*
County Durham,E06000047,222700,513200,43.4,2.6,324900,513200,63.3,2.5,!,513200,!,!,14100,513200,2.8,0.8,3900,513200,0.8,0.4,1400,513200,0.3,*
Hartlepool,E06000001,46100,91600,50.4,2.3,60800,91600,66.3,2.2,!,91600,!,!,1900,91600,2.1,0.7,600,91600,0.7,0.4,~,91600,0.3,*
Middlesbrough,E06000002,68900,138900,49.6,2.4,85800,138900,61.8,2.3,!,138900,!,!,11600,138900,8.4,1.3,800,138900,0.6,0.4,~,138900,0.3,*
Northumberland,E06000057,168500,309900,54.4,2.4,157300,309900,50.8,2.4,!,309900,!,!,4700,309900,1.5,0.6,5700,309900,1.8,0.6,!,309900,!,!
Redcar and Cleveland,E06000003,63000,133300,47.3,2.5,99700,133300,74.8,2.2,!,133300,!,!,1900,133300,1.4,0.6,1600,133300,1.2,0.6,~,133300,0.2,*
Stockton-on-Tees,E06000004,93100,192200,48.4,2.8,132300,192200,68.8,2.6,!,192200,!,!,6800,192200,3.5,1,1700,192200,0.9,0.5,900,192200,0.5,*
Gateshead,E08000037,97300,198300,49.1,2.6,119600,198300,60.3,2.5,!,198300,!,!,9100,198300,4.6,1.1,1700,198300,0.9,0.5,!,198300,!,!
Newcastle upon Tyne,E08000021,133600,290400,46,2.5,154800,290400,53.3,2.5,!,290400,!,!,35400,290400,12.2,1.7,3300,290400,1.1,0.5,1300,290400,0.4,*
North Tyneside,E08000022,105900,202700,52.2,2.6,124000,202700,61.2,2.5,!,202700,!,!,8300,202700,4.1,1,800,202700,0.4,*,~,202700,0.2,*
South Tyneside,E08000023,78200,147500,53,2.4,93300,147500,63.3,2.3,!,147500,!,!,3900,147500,2.7,0.8,1000,147500,0.7,0.4,!,147500,!,!
Sunderland,E08000024,142400,275200,51.8,2.6,171000,275200,62.1,2.6,!,275200,!,!,7600,275200,2.8,0.9,1100,275200,0.4,*,!,275200,!,!
Blackburn with Darwen,E06000008,86300,145000,59.5,2.3,59900,145000,41.3,2.3,!,145000,!,!,15000,145000,10.3,1.4,1000,145000,0.7,0.4,~,145000,0.1,*
Blackpool,E06000009,60900,135600,45,2.5,90900,135600,67,2.4,!,135600,!,!,7500,135600,5.5,1.2,3000,135600,2.2,0.7,1000,135600,0.7,0.4
Cheshire East,E06000049,160900,371600,43.3,3.5,237800,371600,64,3.4,!,371600,!,!,16300,371600,4.4,1.5,4900,371600,1.3,0.8,2400,371600,0.6,*
Cheshire West and Chester,E06000050,172500,330300,52.2,3.5,172500,330300,52.2,3.5,!,330300,!,!,17200,330300,5.2,1.5,3700,330300,1.1,0.7,5000,330300,1.5,0.8
Halton,E06000006,56200,125700,44.7,2.4,80100,125700,63.8,2.3,!,125700,!,!,4000,125700,3.2,0.8,700,125700,0.6,0.4,1000,125700,0.8,0.4
Warrington,E06000007,90500,205600,44,2.6,114700,205600,55.8,2.6,!,205600,!,!,18300,205600,8.9,1.5,2300,205600,1.1,0.5,2100,205600,1,0.5
Allerdale,E07000026,63400,95000,66.7,5.1,38900,95000,41,5.3,!,95000,!,!,1600,95000,1.7,*,!,95000,!,!,!,95000,!,!
Barrow-in-Furness,E07000027,34100,66500,51.3,6.5,32100,66500,48.2,6.5,!,66500,!,!,#,66500,2,*,1100,66500,1.6,*,!,66500,!,!
Carlisle,E07000028,75700,107000,70.7,4.7,32600,107000,30.5,4.7,!,107000,!,!,4100,107000,3.8,2,3700,107000,3.4,1.9,1200,107000,1.1,*
Copeland,E07000029,50400,68200,73.9,5.6,19600,68200,28.8,5.8,!,68200,!,!,!,68200,!,!,!,68200,!,!,!,68200,!,!
Eden,E07000030,28300,51700,54.6,7.6,27800,51700,53.8,7.6,!,51700,!,!,!,51700,!,!,1000,51700,1.9,*,!,51700,!,!
South Lakeland,E07000031,51200,100100,51.1,5,57700,100100,57.6,4.9,!,100100,!,!,4100,100100,4.1,2,2900,100100,2.9,1.7,!,100100,!,!
Bolton,E08000001,144100,280100,51.5,2.5,139300,280100,49.7,2.5,!,280100,!,!,27600,280100,9.9,1.5,1800,280100,0.6,0.4,700,280100,0.2,*
Bury,E08000002,103200,187100,55.2,2.7,94600,187100,50.5,2.7,!,187100,!,!,9500,187100,5.1,1.2,1000,187100,0.5,*,600,187100,0.3,*
Manchester,E08000003,319400,527000,60.6,2.1,176100,527000,33.4,2,!,527000,!,!,112400,527000,21.3,1.8,2700,527000,0.5,0.3,5200,527000,1,0.4
Oldham,E08000004,99600,228700,43.5,2.4,132600,228700,58,2.4,!,228700,!,!,21200,228700,9.3,1.4,1700,228700,0.7,0.4,~,228700,0.2,*
Rochdale,E08000005,99700,211300,47.2,2.3,118300,211300,56,2.3,!,211300,!,!,20500,211300,9.7,1.4,900,211300,0.4,*,~,211300,0.1,*
Salford,E08000006,122300,244000,50.1,2.6,124000,244000,50.8,2.6,!,244000,!,!,37300,244000,15.3,1.9,1100,244000,0.4,*,1600,244000,0.6,*
Stockport,E08000007,173600,286400,60.6,2.3,149400,286400,52.2,2.4,!,286400,!,!,17500,286400,6.1,1.1,2500,286400,0.9,0.4,1600,286400,0.5,0.3
Tameside,E08000008,103000,220400,46.8,2.3,128000,220400,58.1,2.3,!,220400,!,!,16100,220400,7.3,1.2,1100,220400,0.5,*,700,220400,0.3,*
Trafford,E08000009,145800,234000,62.3,2.3,114500,234000,48.9,2.4,!,234000,!,!,24600,234000,10.5,1.5,1700,234000,0.7,0.4,1700,234000,0.7,0.4
Wigan,E08000010,174100,320500,54.3,2.5,185100,320500,57.8,2.5,!,320500,!,!,11700,320500,3.7,1,1000,320500,0.3,*,700,320500,0.2,*
Burnley,E07000117,46800,86400,54.2,6.9,42300,86400,49,6.9,!,86400,!,!,5100,86400,5.9,3.2,!,86400,!,!,!,86400,!,!
Chorley,E07000118,53100,110100,48.2,6.4,67300,110100,61.1,6.3,!,110100,!,!,5400,110100,4.9,2.8,!,110100,!,!,!,110100,!,!
Fylde,E07000119,27500,75700,36.3,6.5,56700,75700,74.9,5.9,!,75700,!,!,4000,75700,5.2,3,1400,75700,1.8,*,!,75700,!,!
Hyndburn,E07000120,33600,79400,42.3,7.7,44800,79400,56.5,7.7,!,79400,!,!,8300,79400,10.5,4.8,!,79400,!,!,!,79400,!,!
Lancaster,E07000121,76800,140000,54.8,5.8,95800,140000,68.4,5.4,!,140000,!,!,6200,140000,4.4,2.4,!,140000,!,!,!,140000,!,!
Pendle,E07000122,50300,89500,56.2,6.9,42200,89500,47.2,6.9,!,89500,!,!,9300,89500,10.4,4.2,!,89500,!,!,!,89500,!,!
Preston,E07000123,73200,139500,52.5,5.8,75000,139500,53.8,5.8,!,139500,!,!,12800,139500,9.2,3.4,1400,139500,1,*,!,139500,!,!
Ribble Valley,E07000124,30700,57200,53.8,9.4,36100,57200,63.1,9.1,!,57200,!,!,!,57200,!,!,!,57200,!,!,!,57200,!,!
Rossendale,E07000125,37000,69300,53.4,7.2,35700,69300,51.5,7.3,!,69300,!,!,#,69300,2.1,*,!,69300,!,!,!,69300,!,!
South Ribble,E07000126,66400,108800,61.1,6.4,67300,108800,61.9,6.3,!,108800,!,!,!,108800,!,!,!,108800,!,!,!,108800,!,!
West Lancashire,E07000127,41900,111400,37.6,6.4,73400,111400,65.9,6.3,!,111400,!,!,6000,111400,5.3,3,!,111400,!,!,!,111400,!,!
Wyre,E07000128,61200,108000,56.7,6,74600,108000,69.1,5.6,!,108000,!,!,1400,108000,1.3,*,1600,108000,1.4,*,!,108000,!,!
Knowsley,E08000011,54700,145800,37.5,2.4,99600,145800,68.3,2.3,!,145800,!,!,3400,145800,2.3,0.8,600,145800,0.4,*,~,145800,0.2,*
Liverpool,E08000012,194700,472200,41.2,2.3,268100,472200,56.8,2.3,!,472200,!,!,46800,472200,9.9,1.4,2700,472200,0.6,0.4,4000,472200,0.8,0.4
Sefton,E08000014,115100,269100,42.8,2.4,171200,269100,63.6,2.3,!,269100,!,!,9500,269100,3.5,0.9,1300,269100,0.5,*,900,269100,0.3,*
St. Helens,E08000013,76400,176400,43.3,2.5,110300,176400,62.5,2.4,!,176400,!,!,4500,176400,2.6,0.8,1400,176400,0.8,0.4,600,176400,0.3,*
Wirral,E08000015,188300,317600,59.3,2.5,157300,317600,49.5,2.6,!,317600,!,!,10000,317600,3.1,0.9,1300,317600,0.4,*,1700,317600,0.5,*
East Riding of Yorkshire,E06000011,129300,332000,39,2.5,238100,332000,71.7,2.3,!,332000,!,!,7300,332000,2.2,0.8,3500,332000,1,0.5,2100,332000,0.6,0.4
"Kingston upon Hull, City of",E06000010,94300,255700,36.9,2.5,176000,255700,68.8,2.4,!,255700,!,!,26400,255700,10.3,1.6,1900,255700,0.7,0.4,600,255700,0.2,*
North East Lincolnshire,E06000012,62200,157900,39.4,2.3,113700,157900,72,2.1,!,157900,!,!,6300,157900,4,0.9,2100,157900,1.4,0.5,1300,157900,0.9,0.4
North Lincolnshire,E06000013,65300,168400,38.8,2.5,113300,168400,67.3,2.4,!,168400,!,!,10100,168400,6,1.2,1900,168400,1.1,0.5,700,168400,0.4,*
York,E06000014,119300,204700,58.2,2.3,101600,204700,49.6,2.3,!,204700,!,!,13700,204700,6.7,1.2,2600,204700,1.3,0.5,1000,204700,0.5,*
Craven,E07000163,27600,54700,50.5,8.2,37100,54700,67.8,7.7,!,54700,!,!,3500,54700,6.4,*,1900,54700,3.5,*,!,54700,!,!
Hambleton,E07000164,37000,88000,42.1,6.5,59300,88000,67.4,6.2,!,88000,!,!,2500,88000,2.8,*,3400,88000,3.8,*,!,88000,!,!
Harrogate,E07000165,84000,153200,54.8,4.8,86600,153200,56.5,4.8,!,153200,!,!,11900,153200,7.8,2.6,3400,153200,2.2,*,1700,153200,1.1,*
Richmondshire,E07000166,38100,48600,78.4,7.8,8700,48600,17.9,7.2,!,48600,!,!,4000,48600,8.1,*,!,48600,!,!,!,48600,!,!
Ryedale,E07000167,32900,51900,63.5,7.5,27700,51900,53.3,7.8,!,51900,!,!,!,51900,!,!,1200,51900,2.3,*,!,51900,!,!
Scarborough,E07000168,48300,105900,45.6,6.1,65600,105900,62,5.9,!,105900,!,!,7200,105900,6.8,3.1,#,105900,1.4,*,!,105900,!,!
Selby,E07000169,48600,85500,56.9,6.5,57900,85500,67.8,6.1,!,85500,!,!,3100,85500,3.7,*,!,85500,!,!,!,85500,!,!
Barnsley,E08000016,134800,239100,56.4,2.4,145000,239100,60.6,2.4,!,239100,!,!,10800,239100,4.5,1,1000,239100,0.4,*,900,239100,0.4,*
Doncaster,E08000017,180500,299600,60.2,2.5,144900,299600,48.3,2.5,!,299600,!,!,18700,299600,6.2,1.2,2100,299600,0.7,0.4,1100,299600,0.4,*
Rotherham,E08000018,90700,260300,34.9,2.4,184300,260300,70.8,2.3,!,260300,!,!,6800,260300,2.6,0.8,2100,260300,0.8,0.5,700,260300,0.3,*
Sheffield,E08000019,250600,564500,44.4,2.6,349800,564500,62,2.5,!,564500,!,!,51200,564500,9.1,1.5,5100,564500,0.9,0.5,1700,564500,0.3,*
Bradford,E08000032,292600,527300,55.5,2.4,239900,527300,45.5,2.4,!,527300,!,!,61000,527300,11.6,1.5,4700,527300,0.9,0.5,1400,527300,0.3,*
Calderdale,E08000033,114400,207400,55.2,2.5,107000,207400,51.6,2.5,!,207400,!,!,13900,207400,6.7,1.3,900,207400,0.4,*,1300,207400,0.6,*
Kirklees,E08000034,232500,432500,53.8,2.5,213900,432500,49.5,2.6,!,432500,!,!,37600,432500,8.7,1.4,2200,432500,0.5,*,900,432500,0.2,*
Leeds,E08000035,438800,770500,56.9,2.2,373300,770500,48.4,2.2,!,770500,!,!,81100,770500,10.5,1.4,3200,770500,0.4,*,4200,770500,0.5,*
Wakefield,E08000036,203600,330400,61.6,2.3,225400,330400,68.2,2.2,!,330400,!,!,19300,330400,5.8,1.1,3800,330400,1.2,0.5,1700,330400,0.5,*
Derby,E06000015,105800,253100,41.8,2.6,139700,253100,55.2,2.6,!,253100,!,!,30700,253100,12.1,1.7,1600,253100,0.6,0.4,1200,253100,0.5,*
Leicester,E06000016,149600,341900,43.8,2.3,110000,341900,32.2,2.2,!,341900,!,!,100900,341900,29.5,2.1,1000,341900,0.3,*,900,341900,0.3,*
Nottingham,E06000018,141400,314500,45,2.3,154100,314500,49,2.3,!,314500,!,!,53400,314500,17,1.7,3100,314500,1,0.5,2100,314500,0.7,0.4
Rutland,E06000017,17800,35000,50.9,4.5,20600,35000,58.9,4.4,!,35000,!,!,1600,35000,4.5,1.9,~,35000,1.2,*,~,35000,1.2,*
Amber Valley,E07000032,61100,123300,49.6,5.9,80800,123300,65.5,5.6,!,123300,!,!,!,123300,!,!,!,123300,!,!,!,123300,!,!
Bolsover,E07000033,39200,77200,50.8,8.1,56200,77200,72.8,7.2,!,77200,!,!,#,77200,2.2,*,!,77200,!,!,!,77200,!,!
Chesterfield,E07000034,45900,102100,44.9,6.1,70800,102100,69.4,5.6,!,102100,!,!,2300,102100,2.3,*,1100,102100,1.1,*,!,102100,!,!
Derbyshire Dales,E07000035,32100,69700,46.1,7.6,39700,69700,57,7.6,!,69700,!,!,1100,69700,1.6,*,!,69700,!,!,!,69700,!,!
Erewash,E07000036,66100,113600,58.2,6.9,63400,113600,55.8,7,!,113600,!,!,1700,113600,1.5,*,!,113600,!,!,!,113600,!,!
High Peak,E07000037,49800,90800,54.9,6.2,53000,90800,58.4,6.2,!,90800,!,!,1900,90800,2.1,*,!,90800,!,!,!,90800,!,!
North East Derbyshire,E07000038,51100,100100,51,6.4,67300,100100,67.2,6.1,!,100100,!,!,#,100100,1.5,*,!,100100,!,!,!,100100,!,!
South Derbyshire,E07000039,42100,98300,42.8,6.2,67200,98300,68.4,5.8,!,98300,!,!,#,98300,1.9,*,!,98300,!,!,!,98300,!,!
Blaby,E07000129,44800,95100,47.1,6.5,61300,95100,64.4,6.3,!,95100,!,!,4100,95100,4.3,2.6,!,95100,!,!,!,95100,!,!
Charnwood,E07000130,78300,174800,44.8,4.8,109400,174800,62.6,4.7,!,174800,!,!,17900,174800,10.2,2.9,!,174800,!,!,#,174800,1.3,*
Harborough,E07000131,34900,87800,39.7,6.3,58900,87800,67.1,6,!,87800,!,!,1800,87800,2,*,!,87800,!,!,!,87800,!,!
Hinckley and Bosworth,E07000132,42500,108100,39.4,6.1,74700,108100,69.1,5.8,!,108100,!,!,3700,108100,3.5,*,!,108100,!,!,!,108100,!,!
Melton,E07000133,21100,50700,41.7,8.6,35800,50700,70.5,7.9,!,50700,!,!,!,50700,!,!,!,50700,!,!,!,50700,!,!
North West Leicestershire,E07000134,47900,96200,49.8,6.5,57300,96200,59.5,6.4,!,96200,!,!,4500,96200,4.7,2.7,1600,96200,1.7,*,!,96200,!,!
Oadby and Wigston,E07000135,32400,55100,58.7,7.7,23400,55100,42.5,7.7,!,55100,!,!,6500,55100,11.9,5,!,55100,!,!,!,55100,!,!
Boston,E07000136,19800,66500,29.9,7.4,33900,66500,51,8.1,!,66500,!,!,16700,66500,25.1,7,!,66500,!,!,!,66500,!,!
East Lindsey,E07000137,64100,133800,47.9,5.5,82100,133800,61.4,5.3,!,133800,!,!,2100,133800,1.6,*,1700,133800,1.3,*,!,133800,!,!
Lincoln,E07000138,36700,95500,38.5,6.7,58000,95500,60.7,6.7,!,95500,!,!,9800,95500,10.2,4.2,!,95500,!,!,!,95500,!,!
North Kesteven,E07000139,54100,111600,48.5,6.1,60200,111600,53.9,6.1,!,111600,!,!,2400,111600,2.2,*,2000,111600,1.8,*,2400,111600,2.2,*
South Holland,E07000140,20200,90600,22.3,5.1,71300,90600,78.7,5.1,!,90600,!,!,8500,90600,9.4,3.6,1800,90600,2,*,!,90600,!,!
South Kesteven,E07000141,53800,138200,39,5.4,89200,138200,64.6,5.3,!,138200,!,!,10600,138200,7.7,2.9,2100,138200,1.5,*,!,138200,!,!
West Lindsey,E07000142,41100,91500,45,5.9,60300,91500,65.9,5.6,!,91500,!,!,#,91500,1.8,*,!,91500,!,!,!,91500,!,!
Corby,E07000150,24000,67000,35.8,7.5,28500,67000,42.6,7.8,!,67000,!,!,15400,67000,23,6.6,3100,67000,4.7,*,!,67000,!,!
Daventry,E07000151,37300,78300,47.6,6.7,40200,78300,51.4,6.7,!,78300,!,!,6700,78300,8.6,3.8,!,78300,!,!,!,78300,!,!
East Northamptonshire,E07000152,41600,87900,47.3,6.6,52000,87900,59.2,6.5,!,87900,!,!,6000,87900,6.8,3.3,1200,87900,1.4,*,!,87900,!,!
Kettering,E07000153,40700,97200,41.9,6.7,52400,97200,53.9,6.7,!,97200,!,!,7600,97200,7.8,3.6,!,97200,!,!,!,97200,!,!
Northampton,E07000154,101800,220900,46.1,4.1,91800,220900,41.6,4.1,!,220900,!,!,43400,220900,19.6,3.3,1700,220900,0.8,*,1000,220900,0.5,*
South Northamptonshire,E07000155,54500,88500,61.6,6.4,36300,88500,41,6.4,!,88500,!,!,2500,88500,2.8,*,!,88500,!,!,!,88500,!,!
Wellingborough,E07000156,35500,76400,46.4,6.6,38200,76400,50,6.6,!,76400,!,!,5800,76400,7.6,3.5,1300,76400,1.7,*,1000,76400,1.3,*
Ashfield,E07000170,66400,122600,54.2,6,86000,122600,70.1,5.5,!,122600,!,!,!,122600,!,!,!,122600,!,!,!,122600,!,!
Bassetlaw,E07000171,40200,111700,36,6.1,74300,111700,66.5,6,!,111700,!,!,5400,111700,4.9,2.7,!,111700,!,!,!,111700,!,!
Broxtowe,E07000172,63200,111900,56.5,6.2,60800,111900,54.4,6.2,!,111900,!,!,8700,111900,7.7,3.4,!,111900,!,!,!,111900,!,!
Gedling,E07000173,46700,115800,40.3,5.8,69000,115800,59.6,5.8,!,115800,!,!,8600,115800,7.4,3.1,2000,115800,1.7,*,!,115800,!,!
Mansfield,E07000174,49800,105500,47.2,6.2,55600,105500,52.7,6.2,!,105500,!,!,11800,105500,11.2,3.9,!,105500,!,!,!,105500,!,!
Newark and Sherwood,E07000175,54100,116800,46.3,6.2,69400,116800,59.5,6.1,!,116800,!,!,7300,116800,6.3,3,!,116800,!,!,!,116800,!,!
Rushcliffe,E07000176,43900,113000,38.9,6.2,73900,113000,65.4,6,!,113000,!,!,5100,113000,4.5,2.6,!,113000,!,!,1600,113000,1.5,*
"Herefordshire, County of",E06000019,84100,185500,45.3,2.2,104000,185500,56.1,2.2,!,185500,!,!,14400,185500,7.8,1.2,1900,185500,1,0.4,7500,185500,4,0.9
Shropshire,E06000051,154600,304000,50.9,2.6,165100,304000,54.3,2.6,!,304000,!,!,12300,304000,4.1,1,2000,304000,0.7,*,10200,304000,3.3,0.9
Stoke-on-Trent,E06000021,121000,249600,48.5,2.6,132700,249600,53.2,2.6,!,249600,!,!,25100,249600,10.1,1.5,1600,249600,0.6,*,500,249600,0.2,*
Telford and Wrekin,E06000020,84400,169600,49.8,2.6,85200,169600,50.2,2.6,!,169600,!,!,9900,169600,5.9,1.2,1500,169600,0.9,0.5,3300,169600,2,0.7
Cannock Chase,E07000192,42800,97000,44.2,6.9,60500,97000,62.4,6.7,!,97000,!,!,#,97000,2.5,*,!,97000,!,!,!,97000,!,!
East Staffordshire,E07000193,58400,114300,51,5.9,60900,114300,53.3,5.9,!,114300,!,!,7200,114300,6.3,2.9,1100,114300,1,*,!,114300,!,!
Lichfield,E07000194,60500,100900,60,6.3,56300,100900,55.8,6.4,!,100900,!,!,2800,100900,2.8,*,!,100900,!,!,!,100900,!,!
Newcastle-under-Lyme,E07000195,51000,126000,40.5,6.1,88900,126000,70.6,5.6,!,126000,!,!,6500,126000,5.2,2.7,!,126000,!,!,1400,126000,1.1,*
South Staffordshire,E07000196,42200,109800,38.4,6,76700,109800,69.9,5.7,!,109800,!,!,1200,109800,1.1,*,!,109800,!,!,!,109800,!,!
Stafford,E07000197,61000,130400,46.8,5.4,81000,130400,62.1,5.3,!,130400,!,!,3700,130400,2.9,1.8,1600,130400,1.3,*,!,130400,!,!
Staffordshire Moorlands,E07000198,40700,96600,42.1,6.5,64000,96600,66.3,6.2,!,96600,!,!,2200,96600,2.3,*,!,96600,!,!,!,96600,!,!
Tamworth,E07000199,31500,76800,41,7.9,46900,76800,61.1,7.8,!,76800,!,!,2200,76800,2.9,*,!,76800,!,!,!,76800,!,!
North Warwickshire,E07000218,25500,62100,41.1,9.3,35900,62100,57.9,9.3,!,62100,!,!,#,62100,3.7,*,!,62100,!,!,!,62100,!,!
Nuneaton and Bedworth,E07000219,60400,125700,48,5.4,75300,125700,59.9,5.3,!,125700,!,!,4300,125700,3.4,2,1300,125700,1,*,!,125700,!,!
Rugby,E07000220,50300,101900,49.4,5.4,47000,101900,46.2,5.4,!,101900,!,!,8800,101900,8.6,3,1200,101900,1.2,*,1000,101900,1,*
Stratford-on-Avon,E07000221,62700,120000,52.3,4.7,57400,120000,47.8,4.7,!,120000,!,!,6300,120000,5.3,2.1,!,120000,!,!,!,120000,!,!
Warwick,E07000222,65500,138800,47.2,4.9,66800,138800,48.1,4.9,!,138800,!,!,11300,138800,8.2,2.7,1900,138800,1.3,*,1400,138800,1,*
Birmingham,E08000025,606100,1106300,54.8,2,389900,1106300,35.2,2,!,1106300,!,!,165100,1106300,14.9,1.5,1200,1106300,0.1,*,3200,1106300,0.3,*
Coventry,E08000026,141100,345300,40.9,2.3,147100,345300,42.6,2.4,!,345300,!,!,73400,345300,21.3,1.9,1700,345300,0.5,*,1900,345300,0.6,0.4
Dudley,E08000027,137800,314000,43.9,2.6,188600,314000,60.1,2.5,!,314000,!,!,13400,314000,4.3,1,1500,314000,0.5,*,1300,314000,0.4,*
Sandwell,E08000028,145000,318700,45.5,2.4,158700,318700,49.8,2.4,!,318700,!,!,35300,318700,11.1,1.5,!,318700,!,!,600,318700,0.2,*
Solihull,E08000029,98800,209300,47.2,2.3,111700,209300,53.3,2.3,!,209300,!,!,13600,209300,6.5,1.1,1000,209300,0.5,*,1900,209300,0.9,0.4
Walsall,E08000030,137900,274900,50.2,2.4,140300,274900,51,2.4,!,274900,!,!,19900,274900,7.2,1.2,!,274900,!,!,1400,274900,0.5,*
Wolverhampton,E08000031,113800,252100,45.1,2.4,127900,252100,50.7,2.4,!,252100,!,!,33200,252100,13.2,1.6,~,252100,0.1,*,700,252100,0.3,*
Bromsgrove,E07000234,51100,93100,54.9,5.8,46400,93100,49.8,5.9,!,93100,!,!,1600,93100,1.7,*,!,93100,!,!,1400,93100,1.5,*
Malvern Hills,E07000235,34600,74100,46.6,6.7,42900,74100,57.9,6.6,!,74100,!,!,1600,74100,2.1,*,1100,74100,1.4,*,1300,74100,1.8,*
Redditch,E07000236,34800,84200,41.4,6,44100,84200,52.4,6.1,!,84200,!,!,7300,84200,8.7,3.4,!,84200,!,!,!,84200,!,!
Worcester,E07000237,51800,100800,51.4,6,57500,100800,57,5.9,!,100800,!,!,10500,100800,10.4,3.7,!,100800,!,!,3000,100800,3,*
Wychavon,E07000238,52200,119900,43.5,5.3,77300,119900,64.5,5.1,!,119900,!,!,4900,119900,4.1,2.1,!,119900,!,!,!,119900,!,!
Wyre Forest,E07000239,46200,98400,46.9,6.3,63500,98400,64.5,6,!,98400,!,!,2500,98400,2.5,*,1700,98400,1.7,*,1600,98400,1.6,*
Bedford,E06000055,74200,163800,45.3,4.5,84400,163800,51.5,4.6,!,163800,!,!,19600,163800,12,3,2700,163800,1.7,*,1700,163800,1.1,*
Central Bedfordshire,E06000056,124400,274700,45.3,3.3,154100,274700,56.1,3.2,!,274700,!,!,17200,274700,6.3,1.6,1200,274700,0.4,*,2600,274700,0.9,*
Luton,E06000032,102000,214900,47.5,2.3,71000,214900,33.1,2.1,!,214900,!,!,47200,214900,22,1.9,2000,214900,0.9,0.4,600,214900,0.3,*
Peterborough,E06000031,81400,192700,42.2,2.5,92300,192700,47.9,2.5,!,192700,!,!,38100,192700,19.8,2,1400,192700,0.7,0.4,1100,192700,0.6,*
Southend-on-Sea,E06000033,84400,177600,47.5,2.7,109800,177600,61.8,2.7,!,177600,!,!,12200,177600,6.8,1.4,700,177600,0.4,*,1200,177600,0.7,*
Thurrock,E06000034,65400,165300,39.5,2.4,92600,165300,56,2.5,!,165300,!,!,21700,165300,13.1,1.7,700,165300,0.5,*,!,165300,!,!
Cambridge,E07000008,55500,128600,43.2,5.7,51200,128600,39.8,5.6,!,128600,!,!,29200,128600,22.7,4.8,1900,128600,1.5,*,1300,128600,1,*
East Cambridgeshire,E07000009,49100,87200,56.3,6.3,49600,87200,56.9,6.3,!,87200,!,!,4500,87200,5.2,2.8,1200,87200,1.4,*,!,87200,!,!
Fenland,E07000010,31000,97800,31.7,5.9,74400,97800,76.1,5.4,!,97800,!,!,8100,97800,8.2,3.5,!,97800,!,!,!,97800,!,!
Huntingdonshire,E07000011,67900,173200,39.2,4.5,115900,173200,67,4.3,!,173200,!,!,13600,173200,7.9,2.5,3200,173200,1.9,*,4200,173200,2.4,1.4
South Cambridgeshire,E07000012,80800,154500,52.3,4.5,82900,154500,53.7,4.5,!,154500,!,!,15400,154500,10,2.7,4300,154500,2.8,1.5,!,154500,!,!
Basildon,E07000066,75900,181300,41.8,5.3,111500,181300,61.5,5.2,!,181300,!,!,9400,181300,5.2,2.4,!,181300,!,!,!,181300,!,!
Braintree,E07000067,55200,149400,37,4.9,114100,149400,76.4,4.3,!,149400,!,!,5700,149400,3.8,1.9,#,149400,0.6,*,1500,149400,1,*
Brentwood,E07000068,18700,75500,24.8,7.8,51900,75500,68.7,8.3,!,75500,!,!,4900,75500,6.5,*,!,75500,!,!,!,75500,!,!
Castle Point,E07000069,47900,88600,54,7.6,65100,88600,73.6,6.7,!,88600,!,!,!,88600,!,!,!,88600,!,!,!,88600,!,!
Chelmsford,E07000070,84000,171700,48.9,5,121600,171700,70.8,4.5,!,171700,!,!,8400,171700,4.9,2.1,!,171700,!,!,!,171700,!,!
Colchester,E07000071,74500,181100,41.2,4.6,119700,181100,66.1,4.5,!,181100,!,!,14000,181100,7.7,2.5,2500,181100,1.4,*,!,181100,!,!
Epping Forest,E07000072,45300,127300,35.6,5.9,75700,127300,59.4,6,!,127300,!,!,13100,127300,10.3,3.7,!,127300,!,!,!,127300,!,!
Harlow,E07000073,25300,85300,29.7,6.6,52500,85300,61.6,7,!,85300,!,!,10400,85300,12.2,4.7,!,85300,!,!,!,85300,!,!
Maldon,E07000074,28000,62400,44.9,8.9,45500,62400,73,8,!,62400,!,!,1600,62400,2.5,*,!,62400,!,!,!,62400,!,!
Rochford,E07000075,40000,84600,47.3,7.7,60300,84600,71.2,7,!,84600,!,!,2500,84600,3,*,!,84600,!,!,!,84600,!,!
Tendring,E07000076,41100,139000,29.6,4.8,110400,139000,79.4,4.3,!,139000,!,!,6100,139000,4.4,2.2,!,139000,!,!,!,139000,!,!
Uttlesford,E07000077,35800,83900,42.7,7.6,58400,83900,69.6,7,!,83900,!,!,6200,83900,7.4,4,!,83900,!,!,!,83900,!,!
Broxbourne,E07000095,45800,96300,47.6,6.5,56300,96300,58.5,6.4,!,96300,!,!,5800,96300,6.1,3.1,!,96300,!,!,!,96300,!,!
Dacorum,E07000096,62400,149900,41.6,5.4,80800,149900,53.9,5.5,!,149900,!,!,11700,149900,7.8,3,3900,149900,2.6,*,2100,149900,1.4,*
East Hertfordshire,E07000242,75400,142700,52.8,5,72900,142700,51.1,5,!,142700,!,!,6200,142700,4.4,2.1,!,142700,!,!,3600,142700,2.5,*
Hertsmere,E07000098,68000,102000,66.7,6.6,33200,102000,32.6,6.6,!,102000,!,!,12500,102000,12.3,4.6,!,102000,!,!,!,102000,!,!
North Hertfordshire,E07000099,67400,131300,51.3,5.6,91000,131300,69.3,5.2,!,131300,!,!,6300,131300,4.8,2.4,!,131300,!,!,!,131300,!,!
St Albans,E07000240,93200,145000,64.3,5.2,58100,145000,40.1,5.3,!,145000,!,!,12000,145000,8.3,3,3200,145000,2.2,*,1500,145000,1,*
Stevenage,E07000243,30900,87500,35.3,6.6,56900,87500,65,6.6,!,87500,!,!,5700,87500,6.5,3.4,!,87500,!,!,!,87500,!,!
Three Rivers,E07000102,45400,90700,50,7.3,41900,90700,46.2,7.3,!,90700,!,!,13300,90700,14.6,5.2,!,90700,!,!,!,90700,!,!
Watford,E07000103,59700,96700,61.8,7.5,29400,96700,30.4,7.1,!,96700,!,!,12800,96700,13.3,5.2,!,96700,!,!,!,96700,!,!
Welwyn Hatfield,E07000241,46800,118100,39.6,5.7,66400,118100,56.2,5.8,!,118100,!,!,15800,118100,13.4,4,!,118100,!,!,!,118100,!,!
Breckland,E07000143,40000,132700,30.1,4.9,91000,132700,68.6,5,!,132700,!,!,19900,132700,15,3.8,1400,132700,1,*,!,132700,!,!
Broadland,E07000144,46600,124600,37.4,5.5,90600,124600,72.7,5.1,!,124600,!,!,2800,124600,2.2,*,1300,124600,1,*,!,124600,!,!
Great Yarmouth,E07000145,33400,97600,34.2,6.6,71500,97600,73.2,6.2,!,97600,!,!,9200,97600,9.4,4.1,!,97600,!,!,!,97600,!,!
King's Lynn and West Norfolk,E07000146,39300,149000,26.4,4.5,107000,149000,71.8,4.6,!,149000,!,!,14800,149000,10,3.1,1100,149000,0.8,*,!,149000,!,!
North Norfolk,E07000147,44900,101000,44.4,6.6,64300,101000,63.7,6.4,!,101000,!,!,#,101000,2,*,!,101000,!,!,!,101000,!,!
Norwich,E07000148,57500,137600,41.8,5,73200,137600,53.2,5.1,!,137600,!,!,23600,137600,17.1,3.8,2000,137600,1.5,*,!,137600,!,!
South Norfolk,E07000149,45900,130800,35.1,5.2,86100,130800,65.9,5.2,!,130800,!,!,6800,130800,5.2,2.4,1500,130800,1.1,*,!,130800,!,!
Babergh,E07000200,32600,87600,37.2,6.2,55000,87600,62.8,6.2,!,87600,!,!,7100,87600,8.1,3.5,1300,87600,1.5,*,!,87600,!,!
Forest Heath,E07000201,21800,62500,34.9,7.8,27300,62500,43.7,8.1,!,62500,!,!,17500,62500,28.1,7.3,!,62500,!,!,!,62500,!,!
Ipswich,E07000202,24500,134400,18.2,4,101000,134400,75.2,4.5,!,134400,!,!,14800,134400,11,3.2,!,134400,!,!,!,134400,!,!
Mid Suffolk,E07000203,45400,99200,45.8,6.4,62900,99200,63.4,6.2,!,99200,!,!,!,99200,!,!,2000,99200,2,*,!,99200,!,!
St Edmundsbury,E07000204,38300,109600,34.9,5.8,66300,109600,60.5,6,!,109600,!,!,9300,109600,8.5,3.4,2900,109600,2.6,*,!,109600,!,!
Suffolk Coastal,E07000205,29500,121700,24.3,4.6,89900,121700,73.9,4.7,!,121700,!,!,5400,121700,4.4,2.2,1500,121700,1.2,*,!,121700,!,!
Waveney,E07000206,34100,114500,29.8,5.2,90500,114500,79.1,4.6,!,114500,!,!,3200,114500,2.8,*,!,114500,!,!,!,114500,!,!
Camden,E09000007,138900,242600,57.2,3.4,51400,242600,21.2,2.8,!,242600,!,!,76000,242600,31.3,3.2,2500,242600,1,*,700,242600,0.3,*
City of London,E09000001,4700,9800,47.9,*,!,9800,!,!,!,9800,!,!,5100,9800,52.1,*,!,9800,!,!,!,9800,!,!
Hackney,E09000012,164900,271300,60.8,3.2,47200,271300,17.4,2.5,!,271300,!,!,86300,271300,31.8,3,2200,271300,0.8,*,2100,271300,0.8,*
Hammersmith and Fulham,E09000013,86800,178100,48.8,3.6,37800,178100,21.3,2.9,!,178100,!,!,59500,178100,33.4,3.4,~,178100,0.2,*,1100,178100,0.6,*
Haringey,E09000014,142300,271100,52.5,3.2,57000,271100,21,2.6,!,271100,!,!,80600,271100,29.7,2.9,1900,271100,0.7,*,2900,271100,1.1,0.7
Islington,E09000019,142400,228100,62.4,3.5,45500,228100,19.9,2.9,!,228100,!,!,65000,228100,28.5,3.3,3400,228100,1.5,0.9,1300,228100,0.6,*
Kensington and Chelsea,E09000020,62300,156700,39.7,3.1,33000,156700,21.1,2.6,!,156700,!,!,66800,156700,42.6,3.1,1900,156700,1.2,0.7,1200,156700,0.7,*
Lambeth,E09000022,191600,324000,59.1,4.2,73400,324000,22.6,3.5,!,324000,!,!,79000,324000,24.4,3.6,!,324000,!,!,!,324000,!,!
Lewisham,E09000023,174300,299800,58.2,3.5,75900,299800,25.3,3.1,!,299800,!,!,74500,299800,24.8,3.1,5200,299800,1.7,0.9,2400,299800,0.8,*
Newham,E09000025,178700,335400,53.3,3.3,45800,335400,13.6,2.3,!,335400,!,!,114000,335400,34,3.1,!,335400,!,!,!,335400,!,!
Southwark,E09000028,173200,309500,56,3.4,57200,309500,18.5,2.6,!,309500,!,!,89900,309500,29.1,3.1,2300,309500,0.7,*,2200,309500,0.7,*
Tower Hamlets,E09000030,179800,298100,60.3,3.5,51500,298100,17.3,2.7,!,298100,!,!,73300,298100,24.6,3.1,!,298100,!,!,1600,298100,0.5,*
Wandsworth,E09000032,168600,313300,53.8,3.7,73500,313300,23.5,3.1,!,313300,!,!,108700,313300,34.7,3.5,5000,313300,1.6,0.9,2300,313300,0.7,*
Westminster,E09000033,116600,238600,48.9,3.5,41900,238600,17.5,2.6,!,238600,!,!,95200,238600,39.9,3.4,5700,238600,2.4,1.1,1100,238600,0.5,*
Barking and Dagenham,E09000002,102400,204200,50.2,3.1,62300,204200,30.5,2.9,!,204200,!,!,47400,204200,23.2,2.6,800,204200,0.4,*,!,204200,!,!
Barnet,E09000003,207300,379100,54.7,3.3,90400,379100,23.9,2.8,!,379100,!,!,97500,379100,25.7,2.9,2100,379100,0.6,*,1300,379100,0.3,*
Bexley,E09000004,116200,242400,47.9,3.5,148500,242400,61.3,3.4,!,242400,!,!,35000,242400,14.4,2.5,2900,242400,1.2,*,!,242400,!,!
Brent,E09000005,182500,325900,56,3,39000,325900,12,1.9,!,325900,!,!,129200,325900,39.6,2.9,!,325900,!,!,!,325900,!,!
Bromley,E09000006,168500,324300,52,3.2,154900,324300,47.8,3.2,!,324300,!,!,51500,324300,15.9,2.4,3000,324300,0.9,*,1900,324300,0.6,*
Croydon,E09000008,212700,379000,56.1,3.2,130700,379000,34.5,3,!,379000,!,!,94800,379000,25,2.8,2700,379000,0.7,*,!,379000,!,!
Ealing,E09000009,169500,343700,49.3,3.2,54000,343700,15.7,2.3,!,343700,!,!,139800,343700,40.7,3.1,1500,343700,0.4,*,!,343700,!,!
Enfield,E09000010,192600,329100,58.5,3.4,70900,329100,21.5,2.8,!,329100,!,!,81700,329100,24.8,3,2100,329100,0.6,*,1200,329100,0.4,*
Greenwich,E09000011,156200,271900,57.4,3.7,92900,271900,34.2,3.6,!,271900,!,!,82300,271900,30.3,3.5,2400,271900,0.9,*,2800,271900,1,*
Harrow,E09000015,118100,247400,47.7,3.3,52900,247400,21.4,2.7,!,247400,!,!,93300,247400,37.7,3.2,2500,247400,1,*,!,247400,!,!
Havering,E09000016,102300,249300,41,3.4,145000,249300,58.2,3.4,!,249300,!,!,18500,249300,7.4,1.8,1300,249300,0.5,*,1100,249300,0.4,*
Hillingdon,E09000017,164900,298300,55.3,3.4,83100,298300,27.9,3.1,!,298300,!,!,56900,298300,19.1,2.7,2700,298300,0.9,*,1300,298300,0.4,*
Hounslow,E09000018,135200,270600,50,3.7,56800,270600,21,3,!,270600,!,!,85700,270600,31.7,3.5,1500,270600,0.6,*,!,270600,!,!
Kingston upon Thames,E09000021,82700,173900,47.5,3.6,71900,173900,41.3,3.5,!,173900,!,!,37200,173900,21.4,2.9,1100,173900,0.7,*,1400,173900,0.8,*
Merton,E09000024,98700,205100,48.1,3.6,57500,205100,28,3.3,!,205100,!,!,66600,205100,32.5,3.4,1100,205100,0.6,*,1200,205100,0.6,*
Redbridge,E09000026,167100,298100,56.1,3,70400,298100,23.6,2.6,!,298100,!,!,68600,298100,23,2.5,800,298100,0.3,*,!,298100,!,!
Richmond upon Thames,E09000027,109400,195800,55.9,3.6,80500,195800,41.1,3.6,!,195800,!,!,37000,195800,18.9,2.9,3700,195800,1.9,1,2300,195800,1.2,*
Sutton,E09000029,84900,200100,42.4,3.7,110700,200100,55.3,3.8,!,200100,!,!,33400,200100,16.7,2.8,2600,200100,1.3,*,700,200100,0.4,*
Waltham Forest,E09000031,142500,271700,52.5,4.2,65500,271700,24.1,3.6,!,271700,!,!,67200,271700,24.7,3.6,!,271700,!,!,!,271700,!,!
Bracknell Forest,E06000036,53600,117100,45.8,2.3,60900,117100,52,2.3,!,117100,!,!,12200,117100,10.5,1.4,1600,117100,1.4,0.5,1300,117100,1.1,0.5
Brighton and Hove,E06000043,156000,282700,55.2,2.4,133100,282700,47.1,2.4,!,282700,!,!,35900,282700,12.7,1.6,3200,282700,1.1,0.5,3100,282700,1.1,0.5
Isle of Wight,E06000046,56900,135100,42.1,2.1,88800,135100,65.7,2,!,135100,!,!,5400,135100,4,0.8,1300,135100,1,0.4,1300,135100,1,0.4
Medway,E06000035,139300,275000,50.7,2.4,189500,275000,68.9,2.2,!,275000,!,!,22900,275000,8.3,1.3,2600,275000,0.9,0.5,1600,275000,0.6,0.4
Milton Keynes,E06000042,124000,261800,47.3,2.5,118100,261800,45.1,2.5,!,261800,!,!,33300,261800,12.7,1.7,3100,261800,1.2,0.5,1900,261800,0.7,0.4
Portsmouth,E06000044,118500,209300,56.6,2.5,94700,209300,45.2,2.5,!,209300,!,!,21600,209300,10.3,1.5,2000,209300,1,0.5,1100,209300,0.5,*
Reading,E06000038,68500,161100,42.5,2.6,73300,161100,45.5,2.6,!,161100,!,!,28400,161100,17.6,2,900,161100,0.6,*,1900,161100,1.2,0.6
Slough,E06000039,81600,146300,55.8,2.5,28600,146300,19.6,2,!,146300,!,!,40600,146300,27.8,2.2,900,146300,0.6,0.4,900,146300,0.6,*
Southampton,E06000045,123000,247800,49.6,2.5,116300,247800,46.9,2.5,!,247800,!,!,45000,247800,18.2,1.9,1900,247800,0.8,0.4,1700,247800,0.7,0.4
West Berkshire,E06000037,81000,153400,52.8,2.6,81600,153400,53.2,2.6,!,153400,!,!,11500,153400,7.5,1.4,1400,153400,0.9,0.5,2400,153400,1.6,0.7
Windsor and Maidenhead,E06000040,74000,145000,51,2.3,59900,145000,41.3,2.3,!,145000,!,!,21100,145000,14.6,1.6,1800,145000,1.2,0.5,1400,145000,1,0.5
Wokingham,E06000041,70400,159100,44.3,2.6,88800,159100,55.8,2.6,!,159100,!,!,9800,159100,6.1,1.3,2000,159100,1.3,0.6,1800,159100,1.1,0.6
Aylesbury Vale,E07000004,103100,185900,55.4,4.1,78400,185900,42.2,4,!,185900,!,!,13800,185900,7.4,2.1,1300,185900,0.7,*,1700,185900,0.9,*
Chiltern,E07000005,56400,93600,60.3,5.2,32800,93600,35,5.1,!,93600,!,!,8900,93600,9.5,3.1,800,93600,0.9,*,2600,93600,2.8,*
South Bucks,E07000006,35400,68300,51.8,6.5,29200,68300,42.8,6.4,!,68300,!,!,9100,68300,13.3,4.4,1100,68300,1.5,*,1000,68300,1.5,*
Wycombe,E07000007,102300,174400,58.7,4.1,65400,174400,37.5,4,!,174400,!,!,19400,174400,11.1,2.6,!,174400,!,!,2000,174400,1.2,*
Eastbourne,E07000061,41600,100600,41.4,5.7,56800,100600,56.5,5.8,!,100600,!,!,12700,100600,12.6,3.9,2000,100600,2,*,!,100600,!,!
Hastings,E07000062,36300,90500,40.2,6.2,62200,90500,68.8,5.9,!,90500,!,!,2100,90500,2.3,*,!,90500,!,!,!,90500,!,!
Lewes,E07000063,49400,97500,50.6,6,49300,97500,50.6,6,!,97500,!,!,5600,97500,5.7,2.8,1100,97500,1.1,*,!,97500,!,!
Rother,E07000064,32700,90200,36.3,5.8,61600,90200,68.3,5.6,!,90200,!,!,6800,90200,7.5,3.2,900,90200,1,*,#,90200,1.1,*
Wealden,E07000065,67800,156400,43.4,4.1,99700,156400,63.7,4,!,156400,!,!,8200,156400,5.3,1.9,1400,156400,0.9,*,1200,156400,0.8,*
Basingstoke and Deane,E07000084,97900,173600,56.4,4.9,83500,173600,48.1,5,!,173600,!,!,15500,173600,8.9,2.8,#,173600,0.7,*,2100,173600,1.2,*
East Hampshire,E07000085,71400,116000,61.5,5.8,54000,116000,46.6,6,!,116000,!,!,6900,116000,6,2.8,1300,116000,1.1,*,!,116000,!,!
Eastleigh,E07000086,71000,129800,54.7,5.9,82600,129800,63.7,5.7,!,129800,!,!,4100,129800,3.2,*,1400,129800,1,*,!,129800,!,!
Fareham,E07000087,77900,113900,68.5,5.9,60600,113900,53.2,6.4,!,113900,!,!,#,113900,1.1,*,!,113900,!,!,1300,113900,1.1,*
Gosport,E07000088,41700,83800,49.8,8.3,51600,83800,61.6,8,!,83800,!,!,3500,83800,4.2,*,3100,83800,3.7,*,!,83800,!,!
Hart,E07000089,49400,92200,53.5,6.8,39800,92200,43.1,6.7,!,92200,!,!,7700,92200,8.4,3.8,1700,92200,1.9,*,2100,92200,2.2,*
Havant,E07000090,70200,122200,57.4,6.2,60100,122200,49.2,6.2,!,122200,!,!,5600,122200,4.6,2.6,!,122200,!,!,#,122200,1.4,*
New Forest,E07000091,94400,176800,53.4,4.7,110900,176800,62.7,4.6,!,176800,!,!,4300,176800,2.4,1.5,2600,176800,1.4,*,2300,176800,1.3,*
Rushmoor,E07000092,36000,93700,38.4,6.8,59100,93700,63.1,6.8,!,93700,!,!,7100,93700,7.6,3.7,!,93700,!,!,!,93700,!,!
Test Valley,E07000093,55900,118700,47.1,6.2,71400,118700,60.1,6.1,!,118700,!,!,4400,118700,3.7,*,#,118700,1.3,*,3700,118700,3.1,*
Winchester,E07000094,69500,117500,59.1,6.6,73800,117500,62.9,6.5,!,117500,!,!,2800,117500,2.4,*,#,117500,1.5,*,1800,117500,1.5,*
Ashford,E07000105,72000,124900,57.6,5.7,82700,124900,66.2,5.5,!,124900,!,!,10000,124900,8,3.2,!,124900,!,!,!,124900,!,!
Canterbury,E07000106,77600,156500,49.6,5.9,105400,156500,67.4,5.5,!,156500,!,!,10200,156500,6.5,2.9,!,156500,!,!,!,156500,!,!
Dartford,E07000107,45700,105000,43.5,7,78500,105000,74.8,6.1,!,105000,!,!,22300,105000,21.3,5.8,2300,105000,2.2,*,!,105000,!,!
Dover,E07000108,57300,111400,51.4,6.4,65200,111400,58.5,6.4,!,111400,!,!,9100,111400,8.2,3.5,2400,111400,2.1,*,!,111400,!,!
Gravesham,E07000109,41300,104400,39.6,7.9,63800,104400,61.1,7.9,!,104400,!,!,22700,104400,21.7,6.7,#,104400,2.2,*,!,104400,!,!
Maidstone,E07000110,68300,161700,42.2,4.9,109600,161700,67.8,4.7,!,161700,!,!,20400,161700,12.6,3.3,!,161700,!,!,!,161700,!,!
Sevenoaks,E07000111,43500,117700,36.9,6.4,80900,117700,68.7,6.1,!,117700,!,!,6200,117700,5.2,2.9,4900,117700,4.1,*,!,117700,!,!
Folkestone and Hythe,E07000112,42100,108500,38.8,6.2,77600,108500,71.5,5.7,!,108500,!,!,3800,108500,3.5,*,2600,108500,2.4,*,!,108500,!,!
Swale,E07000113,58800,140600,41.9,5.5,104600,140600,74.4,4.9,!,140600,!,!,5900,140600,4.2,*,3700,140600,2.6,*,!,140600,!,!
Thanet,E07000114,64500,138000,46.8,5.8,96500,138000,70,5.3,!,138000,!,!,6700,138000,4.8,2.5,!,138000,!,!,!,138000,!,!
Tonbridge and Malling,E07000115,57200,124800,45.8,5.6,89300,124800,71.6,5.1,!,124800,!,!,4800,124800,3.9,2.2,!,124800,!,!,4300,124800,3.4,2.1
Tunbridge Wells,E07000116,66400,114200,58.1,6.5,72200,114200,63.2,6.4,!,114200,!,!,12100,114200,10.6,4.1,!,114200,!,!,!,114200,!,!
Cherwell,E07000177,75100,144700,51.9,5,56200,144700,38.9,4.9,!,144700,!,!,19700,144700,13.6,3.5,1100,144700,0.7,*,!,144700,!,!
Oxford,E07000178,83400,156600,53.3,5.3,29100,156600,18.6,4.1,!,156600,!,!,44800,156600,28.6,4.8,#,156600,0.8,*,!,156600,!,!
South Oxfordshire,E07000179,81900,134500,60.9,5.3,56500,134500,42,5.4,!,134500,!,!,14600,134500,10.8,3.4,1500,134500,1.1,*,1100,134500,0.8,*
Vale of White Horse,E07000180,70600,124000,56.9,5.9,45000,124000,36.2,5.7,!,124000,!,!,14500,124000,11.7,3.8,!,124000,!,!,2800,124000,2.2,*
West Oxfordshire,E07000181,45900,105200,43.6,6,57300,105200,54.5,6,!,105200,!,!,5200,105200,4.9,2.6,1400,105200,1.4,*,!,105200,!,!
Elmbridge,E07000207,63100,132100,47.8,5.6,59800,132100,45.3,5.5,!,132100,!,!,28700,132100,21.8,4.6,!,132100,!,!,2000,132100,1.5,*
Epsom and Ewell,E07000208,47600,78700,60.5,8.1,30100,78700,38.2,8.1,!,78700,!,!,9600,78700,12.2,5.4,#,78700,2,*,!,78700,!,!
Guildford,E07000209,76500,144100,53.1,5.8,65900,144100,45.7,5.7,!,144100,!,!,18400,144100,12.8,3.8,!,144100,!,!,!,144100,!,!
Mole Valley,E07000210,42100,85100,49.5,6.2,48600,85100,57.1,6.2,!,85100,!,!,5200,85100,6.1,3,!,85100,!,!,1500,85100,1.8,*
Reigate and Banstead,E07000211,74800,141700,52.7,5.5,80600,141700,56.8,5.4,!,141700,!,!,12900,141700,9.1,3.2,!,141700,!,!,3000,141700,2.1,*
Runnymede,E07000212,31000,85600,36.2,6.9,46700,85600,54.5,7.1,!,85600,!,!,13100,85600,15.3,5.2,!,85600,!,!,#,85600,1.6,*
Spelthorne,E07000213,48600,98300,49.4,6.1,45500,98300,46.3,6.1,!,98300,!,!,15000,98300,15.3,4.4,!,98300,!,!,#,98300,1.8,*
Surrey Heath,E07000214,33400,86400,38.6,6.2,50700,86400,58.6,6.3,!,86400,!,!,6500,86400,7.5,3.3,!,86400,!,!,!,86400,!,!
Tandridge,E07000215,35700,84200,42.4,8,59500,84200,70.6,7.4,!,84200,!,!,5000,84200,5.9,3.8,!,84200,!,!,#,84200,3.4,*
Waverley,E07000216,54700,119600,45.7,6,78200,119600,65.4,5.8,!,119600,!,!,4900,119600,4.1,2.4,!,119600,!,!,3300,119600,2.7,*
Woking,E07000217,51700,98700,52.4,6.1,42300,98700,42.9,6,!,98700,!,!,7200,98700,7.3,3.2,1000,98700,1,*,2000,98700,2,*
Adur,E07000223,32600,63000,51.7,8,32600,63000,51.7,8,!,63000,!,!,2500,63000,3.9,*,!,63000,!,!,!,63000,!,!
Arun,E07000224,64000,152800,41.8,5.8,96400,152800,63.1,5.7,!,152800,!,!,4800,152800,3.2,2.1,!,152800,!,!,1500,152800,1,*
Chichester,E07000225,63800,114500,55.7,6.6,58600,114500,51.2,6.7,!,114500,!,!,4000,114500,3.5,*,!,114500,!,!,!,114500,!,!
Crawley,E07000226,50800,111000,45.8,7.1,58700,111000,52.9,7.2,!,111000,!,!,22000,111000,19.8,5.7,!,111000,!,!,!,111000,!,!
Horsham,E07000227,72400,133100,54.4,5.5,78700,133100,59.1,5.4,!,133100,!,!,7700,133100,5.8,2.6,#,133100,1.2,*,#,133100,1.3,*
Mid Sussex,E07000228,79900,143500,55.7,5,78200,143500,54.5,5,!,143500,!,!,7100,143500,4.9,2.2,2100,143500,1.5,*,1800,143500,1.3,*
Worthing,E07000229,50200,106300,47.3,6.4,57300,106300,53.9,6.4,!,106300,!,!,7400,106300,7,3.3,!,106300,!,!,!,106300,!,!
Bath and North East Somerset,E06000022,116600,181600,64.2,2.2,104100,181600,57.3,2.2,!,181600,!,!,14400,181600,7.9,1.2,1900,181600,1.1,0.5,4000,181600,2.2,0.7
Bournemouth,E06000028,65000,192700,33.7,2.4,121700,192700,63.2,2.5,!,192700,!,!,30500,192700,15.8,1.9,600,192700,0.3,*,1500,192700,0.8,0.4
"Bristol, City of",E06000023,179900,447200,40.2,2.7,275600,447200,61.6,2.7,!,447200,!,!,54300,447200,12.1,1.8,5400,447200,1.2,0.6,4300,447200,1,*
Cornwall,E06000052,181200,545900,33.2,2.3,271000,545900,49.7,2.4,!,545900,!,!,137700,545900,25.2,2.1,2600,545900,0.5,*,4200,545900,0.8,0.4
Isles of Scilly,E06000053,-,-,-,-,-,-,-,-,-,-,-,-,-,-,-,-,-,-,-,-,-,-,-,-
North Somerset,E06000024,83100,207400,40.1,2.6,142700,207400,68.8,2.5,!,207400,!,!,11500,207400,5.5,1.2,2100,207400,1,0.5,3800,207400,1.8,0.7
Plymouth,E06000026,131900,260100,50.7,2.2,165500,260100,63.6,2.2,!,260100,!,!,18900,260100,7.3,1.2,4700,260100,1.8,0.6,3700,260100,1.4,0.5
Poole,E06000029,49700,149300,33.2,2.4,103000,149300,69,2.4,!,149300,!,!,11300,149300,7.6,1.4,1600,149300,1,0.5,1400,149300,0.9,0.5
South Gloucestershire,E06000025,102300,272300,37.6,2.6,194500,272300,71.4,2.5,!,272300,!,!,15100,272300,5.5,1.2,1200,272300,0.4,*,4600,272300,1.7,0.7
Swindon,E06000030,106800,217100,49.2,2.5,104400,217100,48.1,2.5,!,217100,!,!,29200,217100,13.5,1.7,2700,217100,1.3,0.6,2400,217100,1.1,0.5
Torbay,E06000027,66700,130400,51.1,2.3,75300,130400,57.7,2.3,!,130400,!,!,6600,130400,5.1,1,1200,130400,0.9,0.4,1100,130400,0.9,0.4
Wiltshire,E06000054,277300,474700,58.4,2.3,292800,474700,61.7,2.3,!,474700,!,!,31000,474700,6.5,1.2,9900,474700,2.1,0.7,7900,474700,1.7,0.6
East Devon,E07000040,84100,137900,61,5.6,93500,137900,67.8,5.4,!,137900,!,!,2400,137900,1.7,*,!,137900,!,!,!,137900,!,!
Exeter,E07000041,77600,125400,61.9,5.7,67800,125400,54.1,5.8,!,125400,!,!,17200,125400,13.7,4,1900,125400,1.5,*,1300,125400,1.1,*
Mid Devon,E07000042,36700,76000,48.3,7.5,49500,76000,65,7.1,!,76000,!,!,4200,76000,5.5,*,!,76000,!,!,!,76000,!,!
North Devon,E07000043,55500,92200,60.1,7,60200,92200,65.3,6.8,!,92200,!,!,1300,92200,1.5,*,!,92200,!,!,!,92200,!,!
South Hams,E07000044,48200,83200,58,6.7,54500,83200,65.6,6.4,!,83200,!,!,2800,83200,3.3,*,1400,83200,1.6,*,!,83200,!,!
Teignbridge,E07000045,79800,125800,63.4,5.2,57500,125800,45.7,5.4,!,125800,!,!,3600,125800,2.8,1.8,!,125800,!,!,1300,125800,1,*
Torridge,E07000046,34300,65500,52.5,7.6,41600,65500,63.5,7.3,!,65500,!,!,1000,65500,1.5,*,!,65500,!,!,!,65500,!,!
West Devon,E07000047,32200,53000,60.8,8.4,29400,53000,55.5,8.5,!,53000,!,!,2600,53000,4.9,*,1300,53000,2.4,*,!,53000,!,!
Christchurch,E07000048,19300,48900,39.5,7.5,37500,48900,76.6,6.5,!,48900,!,!,1000,48900,2.1,*,!,48900,!,!,!,48900,!,!
East Dorset,E07000049,31500,87700,36,5.2,59900,87700,68.3,5.1,!,87700,!,!,2300,87700,2.6,*,1100,87700,1.2,*,800,87700,0.9,*
North Dorset,E07000050,22700,67800,33.5,5.9,45200,67800,66.7,5.9,!,67800,!,!,5800,67800,8.6,3.5,1000,67800,1.5,*,1900,67800,2.8,*
Purbeck,E07000051,17500,45400,38.5,7.7,32200,45400,70.8,7.2,!,45400,!,!,900,45400,1.9,*,#,45400,1.7,*,1300,45400,2.9,*
West Dorset,E07000052,42300,98300,43.1,5.1,66100,98300,67.3,4.8,!,98300,!,!,6000,98300,6.1,2.5,800,98300,0.8,*,900,98300,1,*
Weymouth and Portland,E07000053,31500,63500,49.7,7.5,37800,63500,59.6,7.3,!,63500,!,!,3700,63500,5.9,3.5,1200,63500,1.8,*,!,63500,!,!
Cheltenham,E07000078,65600,113100,58,5.5,61400,113100,54.3,5.5,!,113100,!,!,10200,113100,9,3.2,!,113100,!,!,1500,113100,1.3,*
Cotswold,E07000079,51200,84100,60.9,6.6,41900,84100,49.8,6.8,!,84100,!,!,5000,84100,6,3.2,!,84100,!,!,1900,84100,2.3,*
Forest of Dean,E07000080,46100,82400,56,6.3,47600,82400,57.8,6.3,!,82400,!,!,2600,82400,3.1,*,1600,82400,1.9,*,3600,82400,4.4,2.6
Gloucester,E07000081,66000,126100,52.4,5.5,63900,126100,50.7,5.5,!,126100,!,!,13100,126100,10.4,3.3,!,126100,!,!,#,126100,1.2,*
Stroud,E07000082,64000,115300,55.6,5.7,63200,115300,54.8,5.7,!,115300,!,!,1600,115300,1.4,*,!,115300,!,!,3800,115300,3.3,2
Tewkesbury,E07000083,49000,87900,55.7,6,51100,87900,58.1,6,!,87900,!,!,4700,87900,5.3,2.7,2000,87900,2.2,*,1900,87900,2.2,*
Mendip,E07000187,66700,108800,61.3,5.5,70500,108800,64.8,5.4,!,108800,!,!,7000,108800,6.4,2.8,!,108800,!,!,1000,108800,0.9,*
Sedgemoor,E07000188,66000,119200,55.4,5.4,81800,119200,68.6,5.1,!,119200,!,!,5400,119200,4.6,2.3,#,119200,1,*,1700,119200,1.5,*
South Somerset,E07000189,93700,162300,57.7,4.7,105000,162300,64.7,4.6,!,162300,!,!,3400,162300,2.1,*,2300,162300,1.4,*,3100,162300,1.9,*
Taunton Deane,E07000190,65300,110900,58.9,6.1,67400,110900,60.8,6.1,!,110900,!,!,5700,110900,5.2,2.7,!,110900,!,!,1800,110900,1.6,*
West Somerset,E07000191,16300,33000,49.3,9.5,18200,33000,55.2,9.5,!,33000,!,!,!,33000,!,!,#,33000,2.9,*,!,33000,!,!
Isle of Anglesey,W06000001,22900,69300,33,2.2,7900,69300,11.3,1.5,!,69300,!,!,1900,69300,2.7,0.8,~,69300,0.4,*,43900,69300,63.3,2.3
Gwynedd,W06000002,35600,121400,29.3,2.3,11600,121400,9.6,1.5,!,121400,!,!,5300,121400,4.4,1,700,121400,0.6,*,77400,121400,63.8,2.4
Conwy,W06000003,47000,113600,41.4,2.3,19200,113600,16.9,1.7,!,113600,!,!,3700,113600,3.3,0.8,900,113600,0.8,0.4,51500,113600,45.3,2.3
Denbighshire,W06000004,38500,93500,41.2,2.3,15100,93500,16.1,1.7,!,93500,!,!,2000,93500,2.1,0.7,600,93500,0.7,0.4,45400,93500,48.6,2.4
Flintshire,W06000005,71200,153700,46.3,2.5,30000,153700,19.5,2,!,153700,!,!,6400,153700,4.1,1,800,153700,0.5,0.4,56500,153700,36.8,2.4
Wrexham,W06000006,59100,135700,43.6,2.5,13600,135700,10,1.5,!,135700,!,!,7400,135700,5.5,1.2,700,135700,0.5,*,73500,135700,54.2,2.6
Powys,W06000023,62600,130600,48,2.6,16800,130600,12.9,1.7,!,130600,!,!,3700,130600,2.8,0.9,700,130600,0.6,*,58800,130600,45,2.6
Ceredigion,W06000008,28400,73800,38.5,2.4,9900,73800,13.4,1.7,!,73800,!,!,3800,73800,5.2,1.1,1000,73800,1.3,0.6,36400,73800,49.4,2.5
Pembrokeshire,W06000009,43300,124200,34.9,2.3,14300,124200,11.5,1.5,!,124200,!,!,4100,124200,3.3,0.9,700,124200,0.6,0.4,73700,124200,59.3,2.4
Carmarthenshire,W06000010,45900,181300,25.3,2.1,19000,181300,10.5,1.5,!,181300,!,!,11000,181300,6.1,1.2,1100,181300,0.6,0.4,122000,181300,67.3,2.3
Swansea,W06000011,73400,240300,30.5,2.2,15100,240300,6.3,1.2,!,240300,!,!,16600,240300,6.9,1.2,1000,240300,0.4,*,166300,240300,69.2,2.2
Neath Port Talbot,W06000012,36100,139700,25.8,2.3,7200,139700,5.2,1.1,!,139700,!,!,1800,139700,1.3,0.6,700,139700,0.5,*,111700,139700,80,2.1
Bridgend,W06000013,34600,139700,24.7,2.3,6000,139700,4.3,1.1,!,139700,!,!,3300,139700,2.4,0.8,700,139700,0.5,*,109400,139700,78.3,2.2
Vale of Glamorgan,W06000014,48000,125700,38.2,2.6,8900,125700,7.1,1.4,!,125700,!,!,4600,125700,3.7,1,700,125700,0.5,*,81800,125700,65.1,2.6
Cardiff,W06000015,150500,354900,42.4,2.5,24700,354900,7,1.3,!,354900,!,!,27600,354900,7.8,1.3,2200,354900,0.6,*,193300,354900,54.5,2.5
Rhondda Cynon Taff,W06000016,81700,235700,34.6,2.4,10300,235700,4.4,1,!,235700,!,!,4600,235700,1.9,0.7,1400,235700,0.6,0.4,193900,235700,82.2,1.9
Merthyr Tydfil,W06000024,18600,58800,31.7,2.8,1900,58800,3.3,1.1,!,58800,!,!,1800,58800,3.1,1,!,58800,!,!,46300,58800,78.8,2.4
Caerphilly,W06000018,58100,179200,32.4,2.3,8400,179200,4.7,1,!,179200,!,!,3500,179200,1.9,0.7,700,179200,0.4,*,141900,179200,79.2,2
Blaenau Gwent,W06000019,18300,69000,26.5,2.4,4200,69000,6.1,1.3,!,69000,!,!,1200,69000,1.8,0.7,~,69000,0.5,*,54700,69000,79.3,2.2
Torfaen,W06000020,28400,91000,31.2,2.4,6600,91000,7.3,1.3,!,91000,!,!,3200,91000,3.5,1,~,91000,0.3,*,66000,91000,72.5,2.3
Monmouthshire,W06000021,34700,90900,38.1,2.4,15400,90900,16.9,1.8,!,90900,!,!,2500,90900,2.7,0.8,1000,90900,1.1,0.5,48900,90900,53.7,2.5
Newport,W06000022,47100,146600,32.1,2.6,12000,146600,8.2,1.5,!,146600,!,!,13900,146600,9.5,1.6,500,146600,0.4,*,91300,146600,62.3,2.7
Aberdeen City,S12000033,50000,225100,22.2,2.5,4500,225100,2,0.8,!,225100,!,!,44900,225100,20,2.4,152900,225100,67.9,2.8,!,225100,!,!
Aberdeenshire,S12000034,76100,260700,29.2,2.8,14800,260700,5.7,1.4,!,260700,!,!,14500,260700,5.6,1.4,189100,260700,72.5,2.7,!,260700,!,!
Angus,S12000041,31600,115500,27.4,2.6,2600,115500,2.3,0.9,!,115500,!,!,5500,115500,4.7,1.2,89000,115500,77,2.4,~,115500,0.3,*
Argyll and Bute,S12000035,31300,84500,37.1,2.4,4800,84500,5.7,1.2,!,84500,!,!,2600,84500,3.1,0.9,56600,84500,67,2.4,~,84500,0.5,*
Clackmannanshire,S12000005,17900,50400,35.4,3.5,2000,50400,3.9,1.4,!,50400,!,!,2500,50400,5,1.6,38400,50400,76.3,3.1,!,50400,!,!
Dumfries and Galloway,S12000006,45200,147500,30.7,2.2,10000,147500,6.8,1.2,!,147500,!,!,2300,147500,1.6,0.6,103600,147500,70.2,2.1,800,147500,0.6,0.4
Dundee City,S12000042,26800,144500,18.5,2.1,1900,144500,1.3,0.6,!,144500,!,!,17000,144500,11.7,1.7,107700,144500,74.5,2.3,!,144500,!,!
East Ayrshire,S12000008,40400,120700,33.5,2.6,1700,120700,1.4,0.7,!,120700,!,!,2400,120700,2,0.8,97300,120700,80.5,2.2,!,120700,!,!
East Dunbartonshire,S12000045,44100,106500,41.4,2.6,1300,106500,1.2,0.6,!,106500,!,!,3100,106500,2.9,0.9,83400,106500,78.3,2.2,!,106500,!,!
East Lothian,S12000010,33500,101500,33,2.7,3300,101500,3.2,1,!,101500,!,!,3900,101500,3.9,1.1,75300,101500,74.2,2.5,~,101500,0.2,*
East Renfrewshire,S12000011,33300,94100,35.4,2.7,1700,94100,1.8,0.7,!,94100,!,!,4700,94100,5,1.2,69400,94100,73.7,2.5,!,94100,!,!
City of Edinburgh,S12000036,156700,490200,32,2.9,15700,490200,3.2,1.1,!,490200,!,!,64700,490200,13.2,2.1,303100,490200,61.8,3,!,490200,!,!
Na h-Eileanan Siar,S12000013,8200,26700,30.7,3.8,1100,26700,4.2,1.6,!,26700,!,!,~,26700,1.1,*,22100,26700,83,3.1,!,26700,!,!
Falkirk,S12000014,37400,157000,23.8,2.2,2800,157000,1.8,0.7,!,157000,!,!,8400,157000,5.3,1.2,123900,157000,78.9,2.1,700,157000,0.4,*
Fife,S12000015,103000,362400,28.4,2.6,9600,362400,2.6,0.9,!,362400,!,!,21300,362400,5.9,1.4,261100,362400,72,2.6,!,362400,!,!
Glasgow City,S12000046,163100,589300,27.7,2.6,4800,589300,0.8,*,!,589300,!,!,84700,589300,14.4,2,410500,589300,69.7,2.6,!,589300,!,!
Highland,S12000017,77000,230500,33.4,2.6,11500,230500,5,1.2,!,230500,!,!,9000,230500,3.9,1.1,160500,230500,69.6,2.5,~,230500,0.2,*
Inverclyde,S12000018,27000,78000,34.6,2.7,1000,78000,1.2,0.6,!,78000,!,!,900,78000,1.1,0.6,63800,78000,81.8,2.2,~,78000,0.4,*
Midlothian,S12000019,25300,86700,29.2,3.1,2700,86700,3.1,1.2,!,86700,!,!,3200,86700,3.7,1.3,66500,86700,76.7,2.9,!,86700,!,!
Moray,S12000020,25600,93500,27.4,2.5,4500,93500,4.8,1.2,!,93500,!,!,3700,93500,4,1.1,65700,93500,70.3,2.5,~,93500,0.4,*
North Ayrshire,S12000021,48400,134400,36,2.6,2200,134400,1.6,0.7,!,134400,!,!,1500,134400,1.1,0.6,104200,134400,77.5,2.3,600,134400,0.4,*
North Lanarkshire,S12000044,69000,339200,20.4,2.1,4600,339200,1.4,0.6,!,339200,!,!,13100,339200,3.9,1,287900,339200,84.9,1.9,!,339200,!,!
Orkney Islands,S12000023,5600,21500,26.1,5.4,1400,21500,6.5,3,!,21500,!,!,900,21500,4.1,2.4,16900,21500,78.6,5,900,21500,4.3,*
Perth and Kinross,S12000024,56000,146300,38.3,2.8,4500,146300,3.1,1,!,146300,!,!,8200,146300,5.6,1.3,103900,146300,71,2.6,1200,146300,0.8,0.5
Renfrewshire,S12000038,58800,173400,33.9,2.4,1500,173400,0.8,0.5,!,173400,!,!,9100,173400,5.3,1.2,132900,173400,76.6,2.2,~,173400,0.3,*
Scottish Borders,S12000026,36000,112900,31.9,2.6,7600,112900,6.8,1.4,!,112900,!,!,4100,112900,3.6,1,73500,112900,65.1,2.6,~,112900,0.3,*
Shetland Islands,S12000027,7200,23100,31.3,5.7,1000,23100,4.5,2.6,!,23100,!,!,800,23100,3.6,2.3,17100,23100,74,5.4,!,23100,!,!
South Ayrshire,S12000028,40200,111100,36.2,2.5,2400,111100,2.1,0.8,!,111100,!,!,2800,111100,2.5,0.8,86400,111100,77.8,2.2,~,111100,0.2,*
South Lanarkshire,S12000029,79400,311600,25.5,2.3,4500,311600,1.4,0.6,!,311600,!,!,8600,311600,2.8,0.9,252200,311600,80.9,2.1,800,311600,0.2,*
Stirling,S12000030,37900,89000,42.5,2.7,2400,89000,2.7,0.9,!,89000,!,!,6400,89000,7.2,1.4,62200,89000,69.9,2.5,~,89000,0.3,*
West Dunbartonshire,S12000039,24800,88800,28,2.6,800,88800,0.9,0.5,!,88800,!,!,1500,88800,1.7,0.7,71900,88800,81,2.2,!,88800,!,!
West Lothian,S12000040,51800,176800,29.3,2.5,3800,176800,2.1,0.8,!,176800,!,!,11000,176800,6.2,1.3,128300,176800,72.5,2.4,1500,176800,0.9,0.5
Column Total,Column Total,29350400,62666900,46.8,0.2,28412600,62666900,45.3,0.2,!,62666900,!,!,6735500,62666900,10.7,0.1,4358400,62666900,7,0.1,2330900,62666900,3.7,0.1
,,,,,,,,,,,,,,,,,,,,,,,,,
,,,,,,,,,,,,,,,,,,,,,,,,,
#,These figures are suppressed as statistically unreliable,,,,,,,,,,,,,,,,,,,,,,,,
,,,,,,,,,,,,,,,,,,,,,,,,,
!,Estimate and confidence interval not available since the group sample size,,,,,,,,,,,,,,,,,,,,,,,,
,is zero or disclosive (0-2),,,,,,,,,,,,,,,,,,,,,,,,
,,,,,,,,,,,,,,,,,,,,,,,,,
*,Estimate and confidence interval unreliable since the group sample size is,,,,,,,,,,,,,,,,,,,,,,,,
,small (3-9),,,,,,,,,,,,,,,,,,,,,,,,
,,,,,,,,,,,,,,,,,,,,,,,,,
~,Estimate is less than 500,,,,,,,,,,,,,,,,,,,,,,,,
,,,,,,,,,,,,,,,,,,,,,,,,,
-,These figures are missing.,,,,,,,,,,,,,,,,,,,,,,,,
